Name,DraftKingsSalary,DPointsAllowed,Home,PointSpread,OverUnder,total,Rank,Team,TargetsGame,RecGame,RecPercentage,RecYardsGame,RecTdGame,YardsTarget,RecYardsRec,RushesGame,RushYardsGame,YardAttempt,RushTdGame,PointsGame,RZTargetsGame,RZRecGame,RZRecPercentage,RZRecYardsGame,RZRecTdGame,RZYardsTarget,RZRecYardsRec,RZRushesGame,RZRushYardsGame,RZYardAttempt,RZRushTdGame,RZPointsGame,Projections,Score
Larry Fitzgerald,4400.0,40.2,True,-1.0,43.0,22.0,60.0,ARI,6.142857142857143,3.7142857142857144,60.5,36.42857142857143,0.14285714285714285,5.9,9.8,0.0,0.0,0.0,0.0,8.2,0.7142857142857143,0.42857142857142855,60.0,3.142857142857143,0.14285714285714285,4.4,7.3,0.0,0.0,0.0,0.0,1.6,10.60443121002001,29.2
Christian Kirk,4500.0,40.2,True,-1.0,43.0,22.0,47.0,ARI,5.285714285714286,4.0,75.7,52.57142857142857,0.14285714285714285,9.9,13.1,0.2857142857142857,1.7142857142857142,6.0,0.0,10.3,0.14285714285714285,0.14285714285714285,100.0,0.42857142857142855,0.0,3.0,3.0,0.14285714285714285,0.7142857142857143,5.0,0.0,0.3,10.134934047457545,13.2
Chad Williams,3000.0,40.2,True,-1.0,43.0,22.0,108.0,ARI,4.142857142857143,1.2857142857142858,31.0,13.142857142857142,0.14285714285714285,3.2,10.2,0.0,0.0,0.0,0.0,3.5,0.42857142857142855,0.0,0.0,0.0,0.0,0.0,0.0,0.0,0.0,0.0,0.0,0.0,8.688306171343,4.1
JJ Nelson,3000.0,40.2,True,-1.0,43.0,22.0,139.0,ARI,1.2857142857142858,0.5714285714285714,44.4,3.0,0.0,2.3,5.2,0.14285714285714285,1.0,7.0,0.0,1.0,0.0,0.0,0.0,0.0,0.0,0.0,0.0,0.0,0.0,0.0,0.0,0.0,5.9964252083028375,0.8
Michael Crabtree,4800.0,37.25,False,-2.0,44.0,23.0,31.0,BAL,9.142857142857142,5.0,54.7,58.42857142857143,0.2857142857142857,6.4,11.7,0.0,0.0,0.0,0.0,12.6,0.8571428571428571,0.42857142857142855,50.0,2.4285714285714284,0.2857142857142857,2.8,5.7,0.0,0.0,0.0,0.0,2.4,14.317868911362428,6.1
John Brown,5900.0,37.25,False,-2.0,44.0,23.0,16.0,BAL,7.714285714285714,4.0,51.9,79.71428571428571,0.5714285714285714,10.3,19.9,0.2857142857142857,0.5714285714285714,2.0,0.0,16.3,1.0,0.5714285714285714,57.1,5.285714285714286,0.2857142857142857,5.3,9.2,0.0,0.0,0.0,0.0,2.8,15.7138924992216,5.8
Willie Snead,4200.0,37.25,False,-2.0,44.0,23.0,44.0,BAL,7.142857142857143,4.714285714285714,66.0,48.0,0.14285714285714285,6.7,10.2,0.14285714285714285,1.8571428571428572,13.0,0.0,10.6,0.42857142857142855,0.2857142857142857,66.7,2.5714285714285716,0.14285714285714285,6.0,9.0,0.0,0.0,0.0,0.0,1.4,12.775732969748212,10.4
Chris Moore,3000.0,37.25,False,-2.0,44.0,23.0,118.0,BAL,1.7142857142857142,1.2857142857142858,75.0,11.285714285714286,0.0,6.6,8.8,0.42857142857142855,2.0,4.7,0.0,2.6,0.0,0.0,0.0,0.0,0.0,0.0,0.0,0.0,0.0,0.0,0.0,0.0,7.169636297910689,3.9
Devin Funchess,5400.0,32.21,True,2.0,44.0,21.0,34.0,CAR,7.833333333333333,4.833333333333333,61.7,62.333333333333336,0.5,8.0,12.9,0.0,0.0,0.0,0.0,14.1,1.1666666666666667,0.6666666666666666,57.1,6.666666666666667,0.3333333333333333,5.7,10.0,0.0,0.0,0.0,0.0,3.3,12.770650961816909,5.7
D.J. Moore,3600.0,32.21,True,2.0,44.0,21.0,85.0,CAR,3.0,2.1666666666666665,72.2,31.833333333333332,0.16666666666666666,10.6,14.7,0.6666666666666666,7.666666666666667,11.5,0.0,6.8,0.0,0.0,0.0,0.0,0.0,0.0,0.0,0.16666666666666666,0.0,0.0,0.0,0.0,9.379832517335366,17.9
Jarius Wright,3400.0,32.21,True,2.0,44.0,21.0,82.0,CAR,3.8333333333333335,2.5,65.2,26.166666666666668,0.16666666666666666,6.8,10.5,0.16666666666666666,5.666666666666667,34.0,0.0,7.0,0.3333333333333333,0.16666666666666666,50.0,0.8333333333333334,0.16666666666666666,2.5,5.0,0.0,0.0,0.0,0.0,1.6,10.896470989400722,2.5
Curtis Samuel,3600.0,32.21,True,2.0,44.0,21.0,114.0,CAR,1.6666666666666667,1.0,60.0,17.666666666666668,0.3333333333333333,10.6,17.7,0.6666666666666666,3.0,4.5,1.0,7.1,0.0,0.0,0.0,0.0,0.0,0.0,0.0,0.3333333333333333,4.666666666666667,14.0,0.3333333333333333,2.5,7.687646166820137,5.8
Damiere Byrd,3000.0,32.21,True,2.0,44.0,21.0,170.0,CAR,0.3333333333333333,0.3333333333333333,100.0,2.6666666666666665,0.0,8.0,8.0,0.0,0.0,0.0,0.0,0.6,0.0,0.0,0.0,0.0,0.0,0.0,0.0,0.0,0.0,0.0,0.0,0.0,4.216894636505744,0.0
Taylor Gabriel,5100.0,47.54,True,-7.5,44.5,26.0,33.0,CHI,6.333333333333333,5.0,78.9,54.833333333333336,0.3333333333333333,8.7,11.0,1.0,6.0,6.0,0.0,14.1,0.8333333333333334,0.6666666666666666,80.0,1.1666666666666667,0.3333333333333333,1.4,1.8,0.16666666666666666,0.0,0.0,0.0,2.8,14.112434238359329,9.2
Anthony Miller,3400.0,47.54,True,-7.5,44.5,26.0,91.0,CHI,4.4,2.2,50.0,24.8,0.4,5.6,11.3,0.0,0.0,0.0,0.0,7.1,0.8,0.2,25.0,2.0,0.2,2.5,10.0,0.0,0.0,0.0,0.0,1.6,11.172192703535053,13.4
Kevin White,3000.0,47.54,True,-7.5,44.5,26.0,137.0,CHI,0.3333333333333333,0.3333333333333333,100.0,10.666666666666666,0.0,32.0,32.0,0.0,0.0,0.0,0.0,1.4,0.0,0.0,0.0,0.0,0.0,0.0,0.0,0.0,0.0,0.0,0.0,0.0,12.605681706754709,1.6
Josh Bellamy,3000.0,47.54,True,-7.5,44.5,26.0,127.0,CHI,1.0,0.5,50.0,4.666666666666667,0.16666666666666666,4.7,9.3,0.0,0.0,0.0,0.0,2.0,0.16666666666666666,0.16666666666666666,100.0,3.3333333333333335,0.16666666666666666,20.0,20.0,0.0,0.0,0.0,0.0,1.5,3.3574998624225083,7.7
Javon Wims,3000.0,47.54,True,-7.5,44.5,26.0,177.0,CHI,1.0,0.0,0.0,0.0,0.0,0.0,0.0,0.0,0.0,0.0,0.0,0.0,0.0,0.0,0.0,0.0,0.0,0.0,0.0,0.0,0.0,0.0,0.0,0.0,5.634494485576706,0.0
Daniel Brown,2500.0,47.54,True,-7.5,44.5,26.0,177.0,CHI,0.0,0.0,0.0,0.0,0.0,0.0,0.0,0.0,0.0,0.0,0.0,0.0,0.0,0.0,0.0,0.0,0.0,0.0,0.0,0.0,0.0,0.0,0.0,0.0,5.310341267644288,0.0
AJ Green,8000.0,49.47,True,-4.0,54.5,29.25,10.0,CIN,9.857142857142858,5.714285714285714,58.0,87.28571428571429,0.7142857142857143,8.9,15.3,0.0,0.0,0.0,0.0,19.4,2.0,0.7142857142857143,35.7,4.571428571428571,0.42857142857142855,2.3,6.4,0.0,0.0,0.0,0.0,3.7,20.369859631672988,18.6
Tyler Boyd,6700.0,49.47,True,-4.0,54.5,29.25,15.0,CIN,8.0,5.714285714285714,71.4,68.85714285714286,0.5714285714285714,8.6,12.0,0.14285714285714285,0.7142857142857143,5.0,0.0,17.0,1.0,1.0,100.0,8.142857142857142,0.42857142857142855,8.1,8.1,0.0,0.0,0.0,0.0,4.4,15.747609174446222,31.6
Alex Erickson,3000.0,49.47,True,-4.0,54.5,29.25,128.0,CIN,1.4285714285714286,1.0,70.0,5.571428571428571,0.0,3.9,5.6,0.14285714285714285,1.1428571428571428,8.0,0.0,1.7,0.42857142857142855,0.14285714285714285,33.3,0.8571428571428571,0.0,2.0,6.0,0.0,0.0,0.0,0.0,0.2,7.5875472824486705,1.5
Cody Core,3000.0,49.47,True,-4.0,54.5,29.25,142.0,CIN,1.2,0.6,50.0,6.0,0.0,5.0,10.0,0.0,0.0,0.0,0.0,1.2,0.0,0.0,0.0,0.0,0.0,0.0,0.0,0.0,0.0,0.0,0.0,0.0,7.592860750048603,0.0
Josh Malone,3000.0,49.47,True,-4.0,54.5,29.25,162.0,CIN,0.6666666666666666,0.16666666666666666,25.0,2.0,0.0,3.0,12.0,0.0,0.0,0.0,0.0,0.4,0.0,0.0,0.0,0.0,0.0,0.0,0.0,0.0,0.0,0.0,0.0,0.0,7.0939836336068245,0.0
Jarvis Landry,7200.0,47.12,False,8.0,51.0,21.5,19.0,CLE,11.714285714285714,5.857142857142857,50.0,69.85714285714286,0.2857142857142857,6.0,11.9,0.0,0.0,0.0,0.0,15.7,1.8571428571428572,0.7142857142857143,38.5,5.571428571428571,0.2857142857142857,3.0,7.8,0.0,0.0,0.0,0.0,3.3,18.63605562585879,11.9
Antonio Callaway,3800.0,47.12,False,8.0,51.0,21.5,74.0,CLE,5.428571428571429,2.2857142857142856,42.1,28.571428571428573,0.14285714285714285,5.3,12.5,0.2857142857142857,1.0,3.5,0.0,6.4,0.42857142857142855,0.14285714285714285,33.3,-0.8571428571428571,0.0,-2.0,-6.0,0.0,0.0,0.0,0.0,0.3,11.967239047177895,14.6
Damion Ratley,3600.0,47.12,False,8.0,51.0,21.5,115.0,CLE,2.75,2.25,81.8,26.25,0.0,9.5,11.7,0.0,0.0,0.0,0.0,4.9,0.25,0.25,100.0,2.0,0.0,8.0,8.0,0.0,0.0,0.0,0.0,0.4,8.20375600458122,3.1
Breshad Perriman,3000.0,47.12,False,8.0,51.0,21.5,174.0,CLE,1.0,1.0,100.0,6.0,0.0,6.0,6.0,0.0,0.0,0.0,0.0,1.6,0.0,0.0,0.0,0.0,0.0,0.0,0.0,0.0,0.0,0.0,0.0,0.0,7.040865376024275,0.0
Emmanuel Sanders,6500.0,39.64,False,10.0,53.5,21.75,3.0,DEN,8.714285714285714,6.571428571428571,75.4,86.14285714285714,0.42857142857142855,9.9,13.1,0.2857142857142857,7.571428571428571,26.5,1.0,21.4,0.8571428571428571,0.5714285714285714,66.7,4.857142857142857,0.0,5.7,8.5,0.0,0.0,0.0,0.0,1.1,25.58020712759179,9.1
Demaryius Thomas,4900.0,39.64,False,10.0,53.5,21.75,28.0,DEN,7.0,4.714285714285714,67.3,53.142857142857146,0.42857142857142855,7.6,11.3,0.0,0.0,0.0,0.0,13.0,0.8571428571428571,0.8571428571428571,100.0,3.857142857142857,0.2857142857142857,4.5,4.5,0.0,0.0,0.0,0.0,3.0,12.305586598275346,6.0
Courtland Sutton,3800.0,39.64,False,10.0,53.5,21.75,65.0,DEN,4.714285714285714,2.0,42.4,35.142857142857146,0.2857142857142857,7.5,17.6,0.0,0.0,0.0,0.0,7.2,0.5714285714285714,0.14285714285714285,25.0,1.1428571428571428,0.14285714285714285,2.0,8.0,0.0,0.0,0.0,0.0,1.1,10.590774761563194,10.8
Tim Patrick,3000.0,39.64,False,10.0,53.5,21.75,146.0,DEN,0.7142857142857143,0.2857142857142857,40.0,4.571428571428571,0.0,6.4,16.0,0.0,0.0,0.0,0.0,0.7,0.14285714285714285,0.0,0.0,0.0,0.0,0.0,0.0,0.0,0.0,0.0,0.0,0.0,6.639895081515378,10.7
Golden Tate,6000.0,35.78,True,-3.0,49.5,26.25,17.0,DET,9.5,6.166666666666667,64.9,77.83333333333333,0.5,8.2,12.6,0.3333333333333333,6.5,19.5,0.0,18.6,0.6666666666666666,0.16666666666666666,25.0,0.8333333333333334,0.0,1.2,5.0,0.0,0.0,0.0,0.0,0.2,18.255708360785405,12.3
Kenny Golladay,5700.0,35.78,True,-3.0,49.5,26.25,26.0,DET,7.166666666666667,4.833333333333333,67.4,77.5,0.5,10.8,16.0,0.0,0.0,0.0,0.0,16.1,0.8333333333333334,0.3333333333333333,40.0,1.5,0.3333333333333333,1.8,4.5,0.0,0.0,0.0,0.0,2.5,14.995432798923957,2.2
Marvin Jones,4800.0,35.78,True,-3.0,49.5,26.25,54.0,DET,6.166666666666667,3.1666666666666665,51.4,45.0,0.5,7.3,14.2,0.0,0.0,0.0,0.0,10.7,1.5,0.5,33.3,3.5,0.3333333333333333,2.3,7.0,0.0,0.0,0.0,0.0,2.8,12.424620221534086,33.7
Davante Adams,7900.0,34.2,False,9.5,56.5,23.5,7.0,GB,11.833333333333334,7.833333333333333,66.2,92.83333333333333,1.0,7.8,11.9,0.0,0.0,0.0,0.0,24.1,2.5,1.1666666666666667,46.7,11.0,1.0,4.4,9.4,0.0,0.0,0.0,0.0,8.3,19.197191788460245,21.3
Geronimo Allison,5000.0,34.2,False,9.5,56.5,23.5,58.0,GB,7.25,4.75,65.5,72.25,0.5,10.0,15.2,0.0,0.0,0.0,0.0,15.0,0.75,0.5,66.7,2.0,0.0,2.7,4.0,0.0,0.0,0.0,0.0,0.7,13.993471489570524,2.4
Randall Cobb,4900.0,34.2,False,9.5,56.5,23.5,75.0,GB,9.0,5.666666666666667,63.0,64.66666666666667,0.3333333333333333,7.2,11.4,0.0,0.0,0.0,0.0,14.8,0.6666666666666666,0.0,0.0,0.0,0.0,0.0,0.0,0.0,0.0,0.0,0.0,0.0,14.96161416989752,8.0
Marquez Valdes-Scantling,4600.0,34.2,False,9.5,56.5,23.5,81.0,GB,3.5,2.0,57.1,35.333333333333336,0.16666666666666666,10.1,17.7,0.0,0.0,0.0,0.0,7.0,0.8333333333333334,0.3333333333333333,40.0,2.5,0.16666666666666666,3.0,7.5,0.0,0.0,0.0,0.0,1.6,9.417351101460756,12.5
Equanimeous St. Brown,3500.0,34.2,False,9.5,56.5,23.5,124.0,GB,2.0,1.3333333333333333,66.7,36.0,0.0,18.0,27.0,0.0,0.0,0.0,0.0,4.9,0.0,0.0,0.0,0.0,0.0,0.0,0.0,0.0,0.0,0.0,0.0,0.0,10.347693653019736,5.1
T.Y. Hilton,6300.0,41.96,False,-3.0,50.0,26.5,35.0,IND,8.4,5.0,59.5,63.8,0.8,7.6,12.8,0.0,0.0,0.0,0.0,16.8,1.6,0.8,50.0,2.8,0.8,1.8,3.5,0.0,0.0,0.0,0.0,5.9,16.462347236788947,4.4
Chester Rogers,4200.0,41.96,False,-3.0,50.0,26.5,50.0,IND,6.571428571428571,4.571428571428571,69.6,42.142857142857146,0.14285714285714285,6.4,9.2,0.0,0.0,0.0,0.0,9.9,0.7142857142857143,0.2857142857142857,40.0,3.857142857142857,0.14285714285714285,5.4,13.5,0.0,0.0,0.0,0.0,1.8,12.066772194494245,2.0
Zach Pascal,3300.0,41.96,False,-3.0,50.0,26.5,98.0,IND,3.857142857142857,2.0,51.9,17.714285714285715,0.14285714285714285,4.6,8.9,0.14285714285714285,1.1428571428571428,8.0,0.0,4.7,0.5714285714285714,0.2857142857142857,50.0,1.0,0.14285714285714285,1.8,3.5,0.0,0.0,0.0,0.0,1.2,9.57956040214837,0.6
Tyreek Hill,8600.0,35.7,True,-10.0,53.5,31.75,2.0,KC,8.714285714285714,5.857142857142857,67.2,90.71428571428571,1.0,10.4,15.5,1.4285714285714286,6.428571428571429,4.5,0.0,23.3,1.2857142857142858,1.0,77.8,3.857142857142857,0.5714285714285714,3.0,3.9,0.0,0.0,0.0,0.0,4.8,16.077289147641817,10.0
Sammy Watkins,4600.0,35.7,True,-10.0,53.5,31.75,43.0,KC,5.714285714285714,3.7142857142857144,65.0,49.42857142857143,0.14285714285714285,8.6,13.3,0.5714285714285714,7.142857142857143,12.5,0.0,10.7,1.1428571428571428,0.42857142857142855,37.5,5.428571428571429,0.14285714285714285,4.8,12.7,0.14285714285714285,-0.14285714285714285,-1.0,0.0,1.8,12.805376358798359,33.7
Chris Conley,3200.0,35.7,True,-10.0,53.5,31.75,96.0,KC,2.7142857142857144,1.8571428571428572,68.4,14.857142857142858,0.2857142857142857,5.5,8.0,0.0,0.0,0.0,0.0,4.9,0.42857142857142855,0.2857142857142857,66.7,2.7142857142857144,0.2857142857142857,6.3,9.5,0.0,0.0,0.0,0.0,2.3,5.6525257512381835,0.0
Demarcus Robinson,3000.0,35.7,True,-10.0,53.5,31.75,123.0,KC,1.1428571428571428,0.7142857142857143,62.5,6.714285714285714,0.14285714285714285,5.9,9.4,0.0,0.0,0.0,0.0,2.2,0.42857142857142855,0.2857142857142857,66.7,1.5714285714285714,0.14285714285714285,3.7,5.5,0.0,0.0,0.0,0.0,1.3,4.8199155807378,1.1
Marcus Kemp,3000.0,35.7,True,-10.0,53.5,31.75,172.0,KC,0.14285714285714285,0.14285714285714285,100.0,1.0,0.0,7.0,7.0,0.0,0.0,0.0,0.0,0.2,0.0,0.0,0.0,0.0,0.0,0.0,0.0,0.0,0.0,0.0,0.0,0.0,4.51034076421914,0.0
Robert Woods,6800.0,37.53,True,-9.5,56.5,33.0,9.0,LAR,8.285714285714286,5.857142857142857,70.7,86.0,0.42857142857142855,10.4,14.7,1.1428571428571428,12.857142857142858,11.2,0.0,19.6,0.7142857142857143,0.42857142857142855,60.0,2.0,0.2857142857142857,2.8,4.7,0.14285714285714285,0.8571428571428571,6.0,0.0,2.4,14.49732700879154,12.0
Brandin Cooks,6900.0,37.53,True,-9.5,56.5,33.0,21.0,LAR,6.285714285714286,4.571428571428571,72.7,81.28571428571429,0.2857142857142857,12.9,17.8,0.42857142857142855,3.2857142857142856,7.7,0.0,15.6,1.2857142857142858,1.1428571428571428,88.9,9.285714285714286,0.14285714285714285,7.2,8.1,0.14285714285714285,1.0,7.0,0.0,3.0,13.195401626531451,11.3
Josh Reynolds,3600.0,37.53,True,-9.5,56.5,33.0,133.0,LAR,1.0,0.5714285714285714,57.1,8.0,0.0,8.0,14.0,0.14285714285714285,1.4285714285714286,10.0,0.0,1.5,0.14285714285714285,0.14285714285714285,100.0,2.7142857142857144,0.0,19.0,19.0,0.0,0.0,0.0,0.0,0.4,3.4723750215409632,19.0
Khadarel Hodge,3000.0,37.53,True,-9.5,56.5,33.0,160.0,LAR,0.25,0.25,100.0,3.5,0.0,14.0,14.0,0.0,0.0,0.0,0.0,0.6,0.0,0.0,0.0,0.0,0.0,0.0,0.0,0.0,0.0,0.0,0.0,0.0,6.397279943135494,0.0
Jojo Natson,3000.0,37.53,True,-9.5,56.5,33.0,177.0,LAR,0.0,0.0,0.0,0.0,0.0,0.0,0.0,0.0,0.0,0.0,0.0,0.0,0.0,0.0,0.0,0.0,0.0,0.0,0.0,0.0,0.0,0.0,0.0,0.0,3.36307066055746,0.0
Nick Williams,3000.0,37.53,True,-9.5,56.5,33.0,155.0,LAR,1.0,0.6666666666666666,66.7,5.666666666666667,0.0,5.7,8.5,0.0,0.0,0.0,0.0,1.2,0.0,0.0,0.0,0.0,0.0,0.0,0.0,0.0,0.0,0.0,0.0,0.0,5.619558133022348,0.0
Odell Beckham Jr,7500.0,38.35,True,1.0,43.0,21.0,5.0,NYG,11.428571428571429,7.571428571428571,66.2,92.71428571428571,0.2857142857142857,8.1,12.2,0.5714285714285714,1.1428571428571428,2.0,0.0,21.1,1.7142857142857142,0.42857142857142855,25.0,2.142857142857143,0.14285714285714285,1.2,5.0,0.14285714285714285,-0.14285714285714285,-1.0,0.0,1.5,19.684156043516875,24.6
Sterling Shepard,5200.0,38.35,True,1.0,43.0,21.0,24.0,NYG,7.285714285714286,5.142857142857143,70.6,72.57142857142857,0.2857142857142857,10.0,14.1,0.0,0.0,0.0,0.0,14.8,1.7142857142857142,0.8571428571428571,50.0,3.4285714285714284,0.2857142857142857,2.0,4.0,0.0,0.0,0.0,0.0,3.2,15.98621265945864,7.4
Russell Shepard,3000.0,38.35,True,1.0,43.0,21.0,134.0,NYG,1.6,0.8,50.0,12.2,0.0,7.6,15.2,0.0,0.0,0.0,0.0,2.0,0.2,0.0,0.0,0.0,0.0,0.0,0.0,0.0,0.0,0.0,0.0,0.0,7.6080432365371875,0.0
Bennie Fowler,3300.0,38.35,True,1.0,43.0,21.0,164.0,NYG,1.0,1.0,100.0,11.0,0.0,11.0,11.0,0.0,0.0,0.0,0.0,2.1,0.0,0.0,0.0,0.0,0.0,0.0,0.0,0.0,0.0,0.0,0.0,0.0,6.916755982836353,8.8
Jermaine Kearse,4300.0,46.87,False,7.5,44.5,18.5,99.0,NYJ,4.833333333333333,2.6666666666666665,55.2,27.5,0.0,5.7,10.3,0.0,0.0,0.0,0.0,5.4,0.5,0.3333333333333333,66.7,2.6666666666666665,0.0,5.3,8.0,0.0,0.0,0.0,0.0,0.6,9.976987636729667,6.0
Andre Roberts,3100.0,46.87,False,7.5,44.5,18.5,128.0,NYJ,1.1428571428571428,0.42857142857142855,37.5,3.5714285714285716,0.0,3.1,8.3,0.14285714285714285,0.2857142857142857,2.0,0.0,1.7,0.0,0.0,0.0,0.0,0.0,0.0,0.0,0.0,0.0,0.0,0.0,0.0,7.163319422437662,0.0
Charone Peake,3000.0,46.87,False,7.5,44.5,18.5,177.0,NYJ,0.25,0.0,0.0,0.0,0.0,0.0,0.0,0.0,0.0,0.0,0.0,0.0,0.0,0.0,0.0,0.0,0.0,0.0,0.0,0.0,0.0,0.0,0.0,0.0,5.22473512477225,2.4
Neal Sterling,2500.0,46.87,False,7.5,44.5,18.5,136.0,NYJ,1.75,1.25,71.4,10.0,0.0,5.7,8.0,0.0,0.0,0.0,0.0,2.2,0.5,0.25,50.0,1.5,0.0,3.0,6.0,0.0,0.0,0.0,0.0,0.4,7.582937408303973,1.7
Deontay Burnett,3000.0,46.87,False,7.5,44.5,18.5,168.0,NYJ,2.0,1.0,50.0,9.0,0.0,4.5,9.0,0.0,0.0,0.0,0.0,1.9,0.0,0.0,0.0,0.0,0.0,0.0,0.0,0.0,0.0,0.0,0.0,0.0,8.060830702108197,10.1
Jordy Nelson,4700.0,36.71,True,3.0,50.0,23.5,42.0,OAK,5.166666666666667,3.6666666666666665,71.0,53.833333333333336,0.5,10.4,14.7,0.0,0.0,0.0,0.0,12.9,0.8333333333333334,0.6666666666666666,80.0,5.833333333333333,0.5,7.0,8.8,0.0,0.0,0.0,0.0,4.6,10.779901752589256,2.4
Martavis Bryant,3700.0,36.71,True,3.0,50.0,23.5,91.0,OAK,4.4,2.8,63.6,44.0,0.0,10.0,15.7,0.2,0.8,4.0,0.0,7.1,0.4,0.4,100.0,0.6,0.0,1.5,1.5,0.0,0.0,0.0,0.0,0.5,9.801945341128826,0.0
Seth Roberts,3400.0,36.71,True,3.0,50.0,23.5,94.0,OAK,4.2,3.0,71.4,27.6,0.2,6.6,9.2,0.0,0.0,0.0,0.0,7.0,0.4,0.2,50.0,4.0,0.2,10.0,20.0,0.0,0.0,0.0,0.0,1.8,6.712484348329274,12.2
Dwayne Harris,3300.0,36.71,True,3.0,50.0,23.5,149.0,OAK,0.6,0.6,100.0,3.6,0.0,6.0,6.0,0.2,-0.2,-1.0,0.0,0.9,0.0,0.0,0.0,0.0,0.0,0.0,0.0,0.2,-0.2,-1.0,0.0,0.0,4.408934185154465,1.3
Brandon LaFell,3000.0,36.71,True,3.0,50.0,23.5,177.0,OAK,0.0,0.0,0.0,0.0,0.0,0.0,0.0,0.0,0.0,0.0,0.0,0.0,0.0,0.0,0.0,0.0,0.0,0.0,0.0,0.0,0.0,0.0,0.0,0.0,2.9156490313698384,12.9
Antonio Brown,8500.0,43.51,True,-8.0,51.0,29.5,11.0,PIT,12.0,6.666666666666667,55.6,79.66666666666667,1.0,6.6,12.0,0.0,0.0,0.0,0.0,21.6,1.5,0.3333333333333333,22.2,2.0,0.16666666666666666,1.3,6.0,0.0,0.0,0.0,0.0,1.5,20.314247428626267,25.4
Juju Smith-Schuster,7400.0,43.51,True,-8.0,51.0,29.5,14.0,PIT,10.5,7.0,66.7,93.5,0.3333333333333333,8.9,13.4,0.0,0.0,0.0,0.0,20.7,2.6666666666666665,1.5,56.2,11.0,0.3333333333333333,4.1,7.3,0.0,0.0,0.0,0.0,4.9,20.93615821235315,7.3
Ryan Switzer,3100.0,43.51,True,-8.0,51.0,29.5,102.0,PIT,2.5,2.1666666666666665,86.7,11.166666666666666,0.16666666666666666,4.5,5.2,0.6666666666666666,2.3333333333333335,3.5,0.0,4.5,0.16666666666666666,0.16666666666666666,100.0,0.16666666666666666,0.16666666666666666,1.0,1.0,0.0,0.0,0.0,0.0,1.2,6.059106582502688,0.0
Justin Hunter,3000.0,43.51,True,-8.0,51.0,29.5,174.0,PIT,2.0,0.3333333333333333,16.7,2.0,0.0,1.0,6.0,0.0,0.0,0.0,0.0,0.5,0.0,0.0,0.0,0.0,0.0,0.0,0.0,0.0,0.0,0.0,0.0,0.0,6.0869417314638845,3.5
Darrius Heyward-Bey,3000.0,43.51,True,-8.0,51.0,29.5,177.0,PIT,0.0,0.0,0.0,0.0,0.0,0.0,0.0,0.0,0.0,0.0,0.0,0.0,0.0,0.0,0.0,0.0,0.0,0.0,0.0,0.0,0.0,0.0,0.0,0.0,4.4568485218666085,0.0
Doug Baldwin,5500.0,34.02,False,3.0,49.5,23.25,107.0,SEA,4.25,3.0,70.6,33.25,0.0,7.8,11.1,0.0,0.0,0.0,0.0,6.3,0.5,0.0,0.0,0.0,0.0,0.0,0.0,0.0,0.0,0.0,0.0,0.0,10.154756481018635,4.6
Tyler Lockett,5200.0,34.02,False,3.0,49.5,23.25,29.0,SEA,5.333333333333333,3.8333333333333335,71.9,60.0,0.8333333333333334,11.2,15.7,0.5,3.0,6.0,0.0,15.1,0.6666666666666666,0.5,75.0,4.833333333333333,0.3333333333333333,7.2,9.7,0.0,0.0,0.0,0.0,3.0,11.990565541167236,12.7
David Moore,3600.0,34.02,False,3.0,49.5,23.25,87.0,SEA,1.6666666666666667,1.1666666666666667,70.0,20.666666666666668,0.5,12.4,17.7,0.16666666666666666,0.8333333333333334,5.0,0.0,6.3,0.3333333333333333,0.3333333333333333,100.0,3.6666666666666665,0.3333333333333333,11.0,11.0,0.0,0.0,0.0,0.0,2.7,6.315300961333006,19.7
Brandon Marshall,3500.0,34.02,False,3.0,49.5,23.25,100.0,SEA,3.8333333333333335,1.8333333333333333,47.8,22.666666666666668,0.16666666666666666,5.9,12.4,0.0,0.0,0.0,0.0,5.1,0.5,0.16666666666666666,33.3,3.3333333333333335,0.16666666666666666,6.7,20.0,0.0,0.0,0.0,0.0,1.5,6.97599091033049,0.0
Jaron Brown,3200.0,34.02,False,3.0,49.5,23.25,105.0,SEA,1.6666666666666667,1.1666666666666667,70.0,12.166666666666666,0.3333333333333333,7.3,10.4,0.0,0.0,0.0,0.0,4.4,0.5,0.5,100.0,4.666666666666667,0.3333333333333333,9.3,9.3,0.0,0.0,0.0,0.0,3.0,4.519071516316179,0.0
Marquise Goodwin,5000.0,36.59,False,1.0,43.0,21.0,62.0,SF,3.8,2.2,57.9,40.8,0.6,10.7,18.5,0.6,1.4,2.3,0.0,10.6,0.4,0.2,50.0,2.2,0.2,5.5,11.0,0.0,0.0,0.0,0.0,1.6,10.11721785024345,12.5
Trent Taylor,4100.0,36.59,False,1.0,43.0,21.0,89.0,SF,4.333333333333333,2.8333333333333335,65.4,21.833333333333332,0.16666666666666666,5.0,7.7,0.0,0.0,0.0,0.0,6.0,0.6666666666666666,0.5,75.0,2.6666666666666665,0.16666666666666666,4.0,5.3,0.0,0.0,0.0,0.0,1.8,8.266205266988688,1.7
Dante Pettis,3500.0,36.59,False,1.0,43.0,21.0,117.0,SF,1.75,0.75,42.9,24.0,0.25,13.7,32.0,0.0,0.0,0.0,0.0,4.6,0.25,0.0,0.0,0.0,0.0,0.0,0.0,0.0,0.0,0.0,0.0,0.0,11.424499103481175,0.0
Kendrick Bourne,3500.0,36.59,False,1.0,43.0,21.0,97.0,SF,2.7142857142857144,1.4285714285714286,52.6,17.142857142857142,0.2857142857142857,6.3,12.0,0.0,0.0,0.0,0.0,4.9,0.42857142857142855,0.2857142857142857,66.7,0.8571428571428571,0.2857142857142857,2.0,3.0,0.0,0.0,0.0,0.0,2.1,7.504436064651139,14.1
Victor Bolden Jr.,3000.0,36.59,False,1.0,43.0,21.0,165.0,SF,1.3333333333333333,0.3333333333333333,25.0,3.3333333333333335,0.0,2.5,10.0,0.0,0.0,0.0,0.0,0.7,0.3333333333333333,0.3333333333333333,100.0,3.3333333333333335,0.0,10.0,10.0,0.0,0.0,0.0,0.0,0.7,3.5293530103365525,0.0
Richie James,3000.0,36.59,False,1.0,43.0,21.0,172.0,SF,0.25,0.25,100.0,1.75,0.0,7.0,7.0,0.0,0.0,0.0,0.0,0.4,0.0,0.0,0.0,0.0,0.0,0.0,0.0,0.0,0.0,0.0,0.0,0.0,5.255086020929718,0.0
Mike Evans,7800.0,41.39,False,4.0,54.5,25.25,12.0,TB,9.166666666666666,6.666666666666667,72.7,98.5,0.5,10.7,14.8,0.0,0.0,0.0,0.0,20.8,0.6666666666666666,0.3333333333333333,50.0,2.1666666666666665,0.16666666666666666,3.2,6.5,0.0,0.0,0.0,0.0,1.6,18.284038473646994,32.9
DeSean Jackson,5300.0,41.39,False,4.0,54.5,25.25,18.0,TB,5.833333333333333,3.8333333333333335,65.7,87.66666666666667,0.5,15.0,22.9,0.5,2.5,5.0,1.0,18.4,0.5,0.0,0.0,0.0,0.0,0.0,0.0,0.16666666666666666,2.3333333333333335,14.0,0.16666666666666666,1.2,19.75668728067538,16.2
Chris Godwin,4500.0,41.39,False,4.0,54.5,25.25,38.0,TB,6.166666666666667,4.333333333333333,70.3,51.333333333333336,0.6666666666666666,8.3,11.8,0.0,0.0,0.0,0.0,13.3,1.3333333333333333,0.6666666666666666,50.0,5.0,0.6666666666666666,3.8,7.5,0.0,0.0,0.0,0.0,5.2,13.287095985121187,7.2
Adam Humphries,3400.0,41.39,False,4.0,54.5,25.25,80.0,TB,5.333333333333333,3.3333333333333335,62.5,36.666666666666664,0.0,6.9,11.0,0.16666666666666666,0.6666666666666666,4.0,0.0,7.1,0.16666666666666666,0.0,0.0,0.0,0.0,0.0,0.0,0.0,0.0,0.0,0.0,0.0,11.540519388195992,14.6
Justin Watson,3000.0,41.39,False,4.0,54.5,25.25,177.0,TB,0.0,0.0,0.0,0.0,0.0,0.0,0.0,0.0,0.0,0.0,0.0,0.0,0.0,0.0,0.0,0.0,0.0,0.0,0.0,0.0,0.0,0.0,0.0,0.0,4.064325266817136,1.5
Paul Richardson,4000.0,36.27,False,-1.0,43.0,22.0,68.0,WAS,4.8,3.2,66.7,42.4,0.4,8.8,13.2,0.2,0.4,2.0,0.0,9.9,0.2,0.2,100.0,0.4,0.2,2.0,2.0,0.0,0.0,0.0,0.0,1.4,10.280538019386732,6.1
Josh Doctson,3700.0,36.27,False,-1.0,43.0,22.0,112.0,WAS,5.0,2.2,44.0,22.0,0.0,4.4,10.0,0.0,0.0,0.0,0.0,4.4,0.6,0.0,0.0,0.0,0.0,0.0,0.0,0.0,0.0,0.0,0.0,0.0,9.92096667503915,9.9
Maurice Harris,3300.0,36.27,False,-1.0,43.0,22.0,119.0,WAS,3.75,2.25,60.0,20.5,0.0,5.5,9.1,0.25,1.5,6.0,0.0,4.4,0.5,0.25,50.0,0.5,0.0,1.0,2.0,0.0,0.0,0.0,0.0,0.3,8.838224452060501,4.0
Michael Floyd,3400.0,36.27,False,-1.0,43.0,22.0,158.0,WAS,1.3333333333333333,0.3333333333333333,25.0,6.666666666666667,0.0,5.0,20.0,0.0,0.0,0.0,0.0,1.0,0.0,0.0,0.0,0.0,0.0,0.0,0.0,0.0,0.0,0.0,0.0,0.0,7.415190595121066,0.0
Jehu Chesson,3000.0,36.27,False,-1.0,43.0,22.0,177.0,WAS,1.0,0.0,0.0,0.0,0.0,0.0,0.0,0.0,0.0,0.0,0.0,0.0,0.0,0.0,0.0,0.0,0.0,0.0,0.0,0.0,0.0,0.0,0.0,0.0,4.159410056377191,0.0
